{"@module": "pymatgen.core.structure", "@class": "Structure", "charge": null, "lattice": {"matrix": [[-2.112499999999999, 2.1124999999999994, 2.1124999999999994], [2.112499999999999, -2.1124999999999994, 2.1124999999999994], [2.1125, 2.1124999999999994, -2.112499999999999]], "a": 3.658957330989252, "b": 3.658957330989252, "c": 3.658957330989252, "alpha": 109.47122063449069, "beta": 109.47122063449069, "gamma": 109.47122063449069, "volume": 37.709445312499966}, "sites": [{"species": [{"element": "Na", "oxidation_state": 0.0, "occu": 1}], "abc": [0.0, 0.0, 0.0], "xyz": [0.0, 0.0, 0.0], "label": "Na0+", "properties": {}}]}