{
    "1": {
        "beta": 12.894835063347724,
        "imag": [
            -0.2542408648998341,
            -0.2653791033420432,
            -0.24414881177702963,
            -0.2240646422492154,
            -0.20688320478818278,
            -0.19222258058483543,
            -0.1796031725068712,
            -0.1686301585452341,
            -0.15899485414974368,
            -0.15045772668278268,
            -0.14283225767741037,
            -0.13597203637594646,
            -0.12976095156159673,
            -0.12410589252034399,
            -0.11893135460278259,
            -0.11417544702304916,
            -0.10978691994163547,
            -0.10572293082382522,
            -0.10194734922980331,
            -0.09842945677379333,
            -0.0951429398912591,
            -0.09206510175740235,
            -0.08917623989236034,
            -0.08645915025367934,
            -0.08389872877281412,
            -0.08148164861466789,
            -0.07919609677470874,
            -0.07703155752420976,
            -0.07497863313010278,
            -0.07302889443811722,
            -0.07117475556326447,
            -0.06940936814988063,
            -0.0677265316507576,
            -0.06612061677241243,
            -0.06458649983871112,
            -0.06311950623068086,
            -0.06171536144220369,
            -0.060370148541551316,
            -0.05908027105868641,
            -0.057842420483304124,
            -0.05665354770967923
        ],
        "real": [
            -0.3361966288675262,
            -0.22303890950288263,
            -0.1780166503983871,
            -0.14996988014914692,
            -0.12909625563108662,
            -0.11250588161639286,
            -0.0989234367330738,
            -0.08760549406209961,
            -0.07805237846710611,
            -0.0699048306706409,
            -0.06289502550852077,
            -0.05681850745467898,
            -0.05151633670514144,
            -0.046863069469981866,
            -0.04275838283074407,
            -0.03912109573230893,
            -0.03588481814932365,
            -0.032994733663386455,
            -0.03040518645464374,
            -0.028077848562134022,
            -0.025980311658027944,
            -0.02408499329539282,
            -0.022368278760225735,
            -0.02080984129553798,
            -0.01939209870556624,
            -0.01809977520381878,
            -0.016919545234969746,
            -0.015839741679400277,
            -0.014850115066259661,
            -0.01394163352357225,
            -0.013106315523195633,
            -0.012337089212330454,
            -0.011627673463824095,
            -0.010972476793615016,
            -0.010366511048815141,
            -0.009805317407650449,
            -0.009284902673982742,
            -0.00880168424754757,
            -0.008352442419045758,
            -0.007934278899366376,
            -0.0075445806527021375
        ]
    },
    "2": {
        "beta": 12.894835063347724,
        "imag": [
            -0.14875269862644636,
            -0.20062783945439733,
            -0.21531932649292318,
            -0.22147952847011676,
            -0.2236533011066304,
            -0.22350559469593234,
            -0.22191158666678223,
            -0.21938385945621075,
            -0.21623849552947938,
            -0.2126792506246833,
            -0.2088432714599886,
            -0.2048266280658435,
            -0.20069896579127722,
            -0.19651218639494594,
            -0.19230577583284525,
            -0.18811019691054742,
            -0.18394913290536152,
            -0.1798410292497259,
            -0.17580019394862667,
            -0.17183761214899995,
            -0.16796156940021056,
            -0.16417814223880178,
            -0.16049159322552953,
            -0.15690469453225298,
            -0.15341899620400312,
            -0.15003505028368558,
            -0.14675259887793146,
            -0.14357073225050776,
            -0.14048802170205477,
            -0.13750263109487904,
            -0.13461241020786652,
            -0.1318149726156843,
            -0.12910776039616856,
            -0.1264880976246694,
            -0.12395323436530603,
            -0.12150038260653417,
            -0.11912674540824142,
            -0.1168295403300661,
            -0.1146060180645776,
            -0.11245347706839581,
            -0.11036927485323744
        ],
        "real": [
            -0.4562222930204811,
            -0.3863382788054679,
            -0.34882495604042063,
            -0.31813620891295,
            -0.29081754342606203,
            -0.26630587642871717,
            -0.24433576378224942,
            -0.22464032786694332,
            -0.20695400867761293,
            -0.19103257924028227,
            -0.176661245134337,
            -0.16365484103688743,
            -0.1518547786033544,
            -0.1411251611731501,
            -0.13134906958011427,
            -0.1224253534191142,
            -0.11426597966180196,
            -0.10679388492344088,
            -0.09994124780983427,
            -0.09364809830825394,
            -0.08786119240158996,
            -0.08253309363199435,
            -0.07762141593732608,
            -0.07308819263743871,
            -0.06889934485906224,
            -0.06502422914734751,
            -0.06143524891148289,
            -0.05810751799715774,
            -0.05501856739194011,
            -0.05214808806620752,
            -0.04947770444314514,
            -0.046990774092048326,
            -0.044672210069794716,
            -0.042508322971258394,
            -0.04048668021897228,
            -0.03859598052321189,
            -0.036825941727773426,
            -0.03516720050460975,
            -0.03361122256803739,
            -0.03215022223802322,
            -0.030777090324637157
        ]
    },
    "3": {
        "beta": 12.894835063347724,
        "imag": [
            -0.13818218809246763,
            -0.17109555596710146,
            -0.1740820294461365,
            -0.17248648641122144,
            -0.16998154692579925,
            -0.16726186612322058,
            -0.16445614555232835,
            -0.16157726393007366,
            -0.15862322720017197,
            -0.1555982063743544,
            -0.15251380516984536,
            -0.14938624155123126,
            -0.1462335498634948,
            -0.14307363265061035,
            -0.13992310743380365,
            -0.13679672188944902,
            -0.13370713301474524,
            -0.13066490373422113,
            -0.1276786209582106,
            -0.12475507504153782,
            -0.12189946418762077,
            -0.11911560227392748,
            -0.11640611785342436,
            -0.11377263785174563,
            -0.11121595296927467,
            -0.10873616396405872,
            -0.10633280923997823,
            -0.1040049748949432,
            -0.10175138874355127,
            -0.09957049999066392,
            -0.09746054623099987,
            -0.09541960939898608,
            -0.09344566215615302,
            -0.09153660608794922,
            -0.0896903029123699,
            -0.08790459977528187,
            -0.08617734956888867,
            -0.08450642706489475,
            -0.0828897415672607,
            -0.08132524667100682,
            -0.07981094762364194
        ],